{"rmse": 0.935171451026933, "mae": 0.7375092386530285}